Gene,Sequence 
Cluster3_MK765641-large_hypothetical_GID21936,MNMSALAKGYPMPSPVRPQGMTGYQRQPLRLPVPANDNPRPRPRPANDNFRPTPRLPPAKPFSPPRVAPKGAWLGYKLAARGAARFIPYLGAALTAFEIYEWWRAGEVVPEVPEHIALNGWRHVGHCPKGGGGWTHRGWGDQPPTQTQINQANSCLPGQGLSVWLPWGSPYPANSRTLIAFKETHRIGTTPYGEVREVFSRPVGGTVTWPEYVPYSPAVLPDVVPSPRSVPEVHPGIDPFSVPPLAPVAPPAPLPVRALPYRVSNPMRAEQSVRGFGVNPRSVPRVNPRRRPPGVRERKFKLTISGSIVSNAFSFVTEGADVVEAIYEAIPESIRGTRKRGVKEQAYFIWQHLSQVDQNVMVQNLLYNHFEDKFFGAIGERMKRANQVVWEQGYGNLRVQFGLAH
Cluster3_MK765605-large_hypothetical_GID21931,MSALAKGYPMPSPIRPQGMTGYQRQPLRLPVPANDNPRPRPRPANDNFRPSPRTPPAKPFSPPRVAPKGAWLGYKLAARGAARFIPVIGTALTVYEIYEWWRAGEIVPEVPEHIELNGWSHVGHCPRGSGGWTHRGWGDQPATQTQINQANSCLGGQGLSVWLPWGSPYPANSRTLIGFKETHRLGTTPYGEVRDVFSRPVGGTVTWPEYVPYSPAVLPEVVPSPRSIPEVHPGIDPFSVPPLAPVAPPVPLPVRALPYRVSNPMRAEQSVRGHGVNPRAVPRVNPRRRPPGVRERKFKLTISGSIVSNAFSFVTEGADVVEAIYEAIPESIRGTRKRGVKEQAFFIWQHLNQVDQNVMVQNLLYNHFEDKFFGAIGERMKRANQVVWEQGYGNLRVQFGLAH
Cluster3_MH617327-large_hypothetical_GID21906,MPQIPQTLPEAAFYGGMYIAQLNPWVRGLTTAWDVVQYLKKGQTTVIPHEGYGHCCGSATGNEVIAYDIADCKGFPSRMCGLTGQAFNPNSDFANRRGLLYVNRYFIPANPPVDRVSIVGVFAGKAAGWKAPQNVPGVPIFGNVRINPKPLPEVMNHPVVIPDVEPHIVRIGEPDMYRRPPKGTKERKGRTQQMVAAAAKAAFAATEAVDLIDAIYKSLPEKIRNSVKATGKTTATARIGGGKPYVSPFDKAKALLKYYKQINLNDAMREVIYNYYEDKIIGGLSKGQQDHFRRMGFTRTGLT
Cluster3_MH617069-large_hypothetical_GID21819,MVANPFSRGLAEPARPSPARPRPVPYDPTRRRPLPRVEPLRPPPRPSGPLFPGRPRPPRIPFGRPVIAPLPAISRWWLLKLGLRALPWLNLALTAYDIYLLLKEWNAGPATGDCGRSPEPGFPQYLRFYSVQCASQVDSRVGVLKTEWDSANRYLVEWQPFLLPTFPLWSALRYWGPYEADPGFELPEEGLPPDVRQPLPPEPVPFPYPYSPTPWPNLPYSPSRPAEEQNPNIRPRPDSPLLPDPFLPGVDPTEPGPGYQPEPHTPVRPIQRPTPRPHPNSPSPEWPFPGISPEVVPGPWPSSPPPIPPVPGLPVPPVPIPSIDLGPDPSLPGVGVTPEPGFHWRIPPFREERERKRRLNGKVAGMWMEAMEKLGGSYMEYDDFVSALYKGIPWKYRRWRGKDGVWRDRDITSLDRSKRIFEYMEKYNVKVGIQELAKMWLTDKAIGKFGSKLKERTRDLGNAGLFQGTRGLGSGTPLDNRAEEARKDVIRAKYDREKKDREYWKYINMGEAGWFKRKALRPDTEIPWFRRETRHTGSAVAGQSYNRRGRAKPYYTSNRG
Cluster3_MH552479-large_hypothetical_GID21918,MAPTYPTASSGKAFEPPARYFRSKPGWLGGSTKAGQYGGLGFKVRTSPPPGGGFFGGFVPPAPVPGTGPQPVPKIPFNPYTPTRRPFGVRGLATPLYDNPAARNLLMKYGLGMAFRGLNWLGWAMTFYDIYNWKPGQEASPPRVDWEGASCSYDCPEIEPPYSTPTFARVDGSLANWSCPVPNYARCLDLQVVTDPAIDEGWFFKYPEDVPGYWTCQVAIGPGDFFDGVNWIRFKWDYVLRFNDWDRGGWVRYTPALPATLPQYVAAPDPFPQQIPNPYDPMTSPILRRGPDPVSLPYAAIPHVALPWPSAGGYGPPRTPPYFDGGASGKPPRSIWQPPGQVPHWPEKPKPGETELKKPIPASPFGRLVKALANGITETDDAINAIFQALPDKYKFRNGHRINTIQGKAAAIVQHFDKISWSQAAKNLIANHLADKYIGKASRALTQATRNNPYWRSPAGPQAGSRYRGAPVYF
Cluster3_associated_0_Ruegeria_MH015251-large_hypothetical_GID21895,MALRKKKKNRALNIDAPPPVGPYLRFSIETKRKFHSMRGTPKYQFTHGSAWATPQRVMEERRYLDRLTLHENARYRAGEISGSTWMEMRQEIATRYRDLPAIPTPKRPNHVTRPRNWPKFTRPQAPDLIRSNQGPDFSPKPIKPDYSRRPTKLRIAPKITEGPGFGPGKTPPIPKWMLKRVHDQIGNKAPRLGGKFHPRDLVLDVAMELAREIAREIDPAFSEGVDEVLGWFTPQAPADLPFTVTVVNGVTIVEGAGVLRVDGKGGGWDNDAHIASPLQTFKHYHPATDPNHEHRHWPRYERVGIRDYWKDPYSFWIPALGTVSAPGLGGGGKSLPHLPDARRRAASGFSPDNKWKARTGITIKLPPGGGPPTITSGVPKGRTPGERKHRGHKTAMAILGGALDISSEIAEYWQILRDLAGVPDSMTEREFFMYLYNGGIWDIDPNELAIAFSKNLLEDVFYGRFFGAVQRAMRDAGQSTYTMPSGPGVF
Cluster3_associated_0_Ruegeria_MF101922-large_hypothetical_GID21890,MALRKKKKNRALNIDAPPPVGPYLRFSIETKRKFHSMRGTPKYQFTHGSAWATPQRVMEERRYLDRLTLHENARYRAGEISGSTWMEMRQEIATRYRDLPAIPTPKRPNHVTRPRNWPKFTRPQAPDLIRSNQGPDFSPKPIKPDYSRRPTKLRIAPKITEGPGFGPGKTPPIPKWMLKRVHDQIGNKAPRLGGKFHPRDLVLDVAMELAREIAREIDPAFSEGVDEVLGWFTPQAPADLPFTVTVVNGVTIVEGAGVLRVDGKGGGWDNDAHIASPLQTFKHYHPATDPNHEHRHWPRYERVGIRDYWKDPYSFWIPALGTVSAPGLGGGGKSLPHLPDARRRAASGFSPDNKWKARTGITIKLPPGGGPPTITSGVPKGRTPGERKHRGHKTAMAILGGALDISSEIAEYWQILRDLAGVPDSMTEREFFMYLYNGGIWDIDPNELAIAFSKNLLEDVFYGRFFGAVQRAMRDAGQSTYTMPSGPGVF
Cluster3_0_Sphingopyxis_CM009578-large_hypothetical_GID21865,MSNTKAKWYRYQPSVGKPMFHEPRVPRNVKRLPKVPNPSYPVPRDYPPGFGDDPTPWHQRPGADPRFKPSVPKEGPARPLRDFGRRAARKGLRVGLSEVFAGADVINTGIDWWFPNFREPVRLPWNYHWCAGPWLGHVAPGGWQWPAPAFLDANDGFCGMTGPIDNQAPGHPPYPGSFGIGLRWSRQMLWRCGIGGFHGMSGLGTAERLGGPGTPYYVRSWPSWPYSGTSSRNPNEQRWLPTMPDPFPERAPLPDFQIGVGKGLPDPTGFGNPDLAYQPDYQWVYDAAGGILTDLGQGLEPGSPPGGSGHALPPVEPVKRQPPEKGEKQRKVITKTAKIGIALYKALDAVSESAEVVDAIYQALPADVRKRWEKAMFPDARWIKDKRSGKWVRVGVDRPGDNFGQYGIGGADWKLRALYYNWHKVDVVQAVKNIIKNELTDKIIGGIESKLPRNSGNAHSDSERALSHYLDEFFTEELGL
Cluster3_0_Sphingopyxis_AP017898-large_hypothetical_GID21941,MGVPRRKPREPRPDRRQPRPRPANDNQPFKPRQRVPFGKRVPNFGPGLPTPRIPLPRVPVLGVIDMFDPDNWFPPTPPRPWGFPTAKGWRRTHGPYSWASYGVLGAALRSPPIIGSGLAYEGPIAAQAIGHAGDLLPHWTEFGLWWCYTKGLSQHRHANYERWVRDAPSGQTDQFDPSFTGRMGNAAFPRNPFPDPYADPAVYPRPSAGRDRLPKENLSPHEQDQWGNELPQLDPPWVPGVGYPIVDSPPGVGPDAPPKDEAPPSHEPVVERSWTVVERGLDRFTGRRVRTKRRAAPSGEKERKWKIGDNALYQAVVRVFGAVTEATELASAFVV
Cluster3_0_Sphingomonas_MKSU01000016-large_hypothetical_GID21874,MSILNAAPLASGGWGLSAANDNTLGLIISEVTEAPVASSALRLLAIPATILGIGYIAYEMYQFYNSGLNYDGWTVKYNCRSGSPEFWVSAAGACGASSQWATTGVKPRSFHYLSERPINHDIALMEKAPPDPVYHPNQTYWRETQILTPTSLPVQPLYKASPMPGQPVPWEAPVIRPWEVAEPVPAPEPNPNAKPGTVPSPAPPPGDAPDTEPDAPPKNWPSGSWEASQSFDPSTGQTDNVIRPAAKPKPAERGTKERKVRSRGVSIFKMMDLLSETADVVDAVYDALPDKVKRRWKCGKTRMKGLSIDRAGQYGLGEADCKARAIWHNFDSLDLPKALVNVVKNEIEDRLIGAGHAAQDRLRPRKVYHRLKHTRRF
Cluster3_0_Sneathiella_NVRR01000128-large_hypothetical_GID21878,MSIYPAGQTRRRSRGRGSQSQTGKVPRPANNNTSRRPLKAPANNNALQVPNKSLKASRKLTRLASRRLLKFVPYVGTLLTLYELYELYEEYYKSSQEGGWILHGEGNHVVPAEGVYGPDFSWRGAGDAGTGYPRNADFNHLTRTNFNYWPPADDPIHTYLTRLRPVNGSNWKRAIRSWYRDHYEPGYPGNVRSLPMPATRPLPNLDPWELPIGKPVYVTPLPYKALPYRPEFLPHRAPSERSDRGHNREPRLATRFHPRKPGRNVRERKVRSNVSFVLLRIRDLAGDVTEALDIVDAIYNSLPDDIHNRIRHADVKLKLTLIYENWDRIDIEQAAINILTNEVQDLLIGKSVGAIDHSSFGSRPLGITAGPAI
Cluster3_0_Sinobacter_SSEA01000029-large_hypothetical_GID21814,MAIPFPTKAGKPVLRRRPSGVKARLPIPANDRPVWRLPTARRALPPAALTPNPFQAPAVSYGTPLKKPTPAFYVPKGLKPPPGWAAKALRIAPYWFFLETAIDMLPDIFPLRSPGGPDGIPLAPNIGWWKKTHGYYTNQSGSYPVRANNIYQSLTNYQGPITGQSISVQGAIQIAPASHWTVCGWWRKKSGGVAVRYANYARFVRVAGPMGASDVGWWPATPYPTAPVPPLSGMPPPFPKPPPFRLLPHRGNNPGLSPFQQRDAGPRPAAAAPPRRGGYPTVVLGGGPPMIKPPPVSGLSPKPSPPAAGVKESKPGHIYTNPAIRIPLQVVGLTSEFGDFVKSLWDALPPEEQYGKYKLHYRDKKTGQIKTYWKQRKTPLIRDMLRDLYRNWDNPNFDTAKAVQNVWNERAQDRYYGHLGKGLKKHVYDKDWYNLPVGLQFGPWL
Cluster3_0_Rhodobacter_QFQS01000029-large_hypothetical_GID21859,MMAWPTSVRRTAPERYPQRLPGFQSPTPQRHPVRPAPMAPLPDYNGRPDLFGAPQFNEGKQFGRRQPRLPDLNPRLRQVTRGLTGSLLAIELGQQVDLYVNYLASPEVRFTNFERDSGPFPPIPFLWGGHTQVSGNQHDPGPGQITGQALGPGYLCHAYWDGMPGASGVSEYIQTGIPAWENTFLVYYLNADADRGHEHSSWHRVNEGTGAIEYAYPSTVTTPYTNPTGVPRPYEWRGHPIAPRYFVPGQPLPYPRPDLPDDLPSGEDKLDRRPALFSVPGPSLEITPDGDQVTKPEHVPDRPGPNVKERKGRMGKAFGVAWRSIGAVTEGMDHLSCIHRALPRKLRRKLFIKNGRKAPTQQQKIKEAYDYSDQIDLNSMARCMFKNAIEDRLYATLNKPAGKMARDQGRAIGYGAGDWDTAPEPNGKRWSPVDQLFDWSGLDKSEPMTLARWRGMSSRERHSWMEGILDGLSTP
Cluster3_0_rhizobium_MN988550-large_hypothetical_GID21831,MNRSPSGEFSFSGRAYTPDLNRSGSVPAAGRRWGNNPLSPIQNRARLYGQIRGFGMTGTAVAGLALTALDASMNWDQSDWDEFLNSGNLPAPFDFLNVDPEDFGFGKPGRATPQSETKNGGQPFIHFTSEFGHQADILLPFDPAGFTVGTNLWYSSLNSNFSPLGQLVAGNPLYTPAMWVNNYWLPGGAVTTGDLNLALANPNGLGWTMLDMGSDSDHFFQIVAYTGGGLENAGQFQGSVRQTSGPAVSSGGDRLTGTKTLPRYDGLPALQVRSPPWHALGRWNLIKQALGLQVRDVGAEDDWMGAEPGWKTIIPPKGPILTIPGEPVPHPPGANTKEKKARVSAGLFKIAQSIFHQLTEYGDFVDALFEAIPKKQRCKTKSLVGKSLCVFTHLDDVDVGDAIVNLAWNEFEDRFIGKQLFARNQKAAQARGDPYSFRTLNSVNGFGGLDDLGELYGEFSQKYVNPRKDDLKEFLTEKFGI
Cluster3_0_rhizobium_MN988485-large_hypothetical_GID21825,MNRSPSGEFSFSGRSYTPDLNRGGSVPAAGRRWGNNPLSPIQKRANLYGQIRGFGMTGTAVAGLALTALDASMNWDQSDWDNFMNFGDLPAPFDWLNTPEGFPGRPANVTPQSKTKGEGQPFVHFTSEFGHQADILLPFDPANFTVGTNLWYSSLNSNFSPLGQLVAGNPLYTPAMWVNNYWLPGGAVTTGDLNNALKNPNGLGWTMLDMGSDSDHFFQIVAYTGGGLQGEKQYLGSVRQTSGPAVSSGGDRLTATSTARRYDGLPTTIVKAPPWHSIGRYNLIKQVLGLQVRDVGAEDDWLGAEPGQKTIIPPKGPVLTIPGEPVPHPPGPGTKEKKARVGAGLFKVAQSLFHAITEYGDAVDAFFDAIPKKKRCKTKSLVGKSWCVFMHLDDIDVGDAIVNLAWNEFEDRFIGKQLFARNQKAAQARGDPYGFRTLNSVNGFGGLDGLGELYGEFSQRYVNPRKEDLKQFLTEKFGI
Cluster3_0_Pseudoxanthomonas_QFNC01000084-large_hypothetical_GID21901,MSRRVHTVHEALPASRLPGWSLSEFEELLRRPYLPANNAWDDLMRPQAQREWDELMRRPFIPRGELPREKGARPFLRAPRNPRGFGRRTGKVRRDVRVRLPRVSLIPGLSRALALADLAAPLVLPTGEWDIDPNIADPGFSPWVRDDGPYTRPPGGWIGDFSVSWGLWHPQQWQLTGQSYEEGNRWPATASMSRSRSATTDRMIIYWCWSNGYVWRGNEHSSWSRQRQPSTGTFVTTFSPREIVKAFPNPDASPVHDANVARRLPAHRPGTPPDAVRAAPRPVTPSDHPEALKRWRWWSGGRGGPPGPHMRTPPPSRTRERKVRSRSLTVSLAMFKALDLTSEASEIVSSFYDALPKEVRKRWERGRGEDPDKYRNFDNFGQYGIDGADWKLQALYHNWDKVDLGEAFRNVAKNMVEDRVYGSIHRYMPKHAGGDATKEAWRAFSDAYREAEEALFGE
Cluster3_0_NZ_CM009578_Sphingopyxis_lindanitolerans-large_hypothetical_GID21837,MSNTKAKWYRYQPSVGKPMFHEPRVPRNVKRLPKVPNPSYPVPRDYPPGFGDDPTPWHQRPGADPRFKPSVPKEGPARPLRDFGRRAARKGLRVGLSEVFAGADVINTGIDWWFPNFREPVRLPWNYHWCAGPWLGHVAPGGWQWPAPAFLDANDGFCGMTGPIDNQAPGHPPYPGSFGIGLRWSRQMLWRCGIGGFHGMSGLGTAERLGGPGTPYYVRSWPSWPYSGTSSRNPNEQRWLPTMPDPFPERAPLPDFQIGVGKGLPDPTGFGNPDLAYQPDYQWVYDAAGGILTDLGQGLEPGSPPGGSGHALPPVEPVKRQPPEKGEKQRKVITKTAKIGIALYKALDAVSESAEVVDAIYQALPADVRKRWEKAMFPDARWIKDKRSGKWVRVGVDRPGDNFGQYGIGGADWKLRALYYNWHKVDVVQAVKNIIKNELTDKIIGGIESKLPRNSGNAHSDSERALSHYLDEFFTEELGL
Cluster3_0_Novosphingobium_CP034179-large_hypothetical_GID21925,MPTDTIVREQGRTRKFRPSDFAPGKGAKHLDNRVPSKERRRTRPERSPSPGERHDRSRRDRRGNPMPGHPDYQPRNPRKAAKLPARFNPPRLPARGFGVKKSPVPDFAPLFKPLRIPKPGVLGLLDLIPDKGLPLQRPLKPEDFVLPVGWYIANTCPYFPVRWNGNYRFTGAGSGTSPCLSGQALPSADDNMHEANFPNIRNAARYIYLPYVVGNGHRGQQYIHFQSDSSGVQAGPLGAPPPWTWMPGLNPIGDPVNPNRQRATATQPVADPNVGLALGLQTGLATEAVPEPVLDPGMGSNGTRGMQVSARGRRPIRVRMRVPPKRREREGKMDNRLARLRVLFWRALDSVSEFSEVIDSFYDALPKEVKKKWDCGRKSFGIDNAGQYGIENADCKAAALWYNWHKVDFESAIENVIKNHIEDSLYGFFHRNTPKQQGAAFDDSMKDAARQVGAVLVVV
Cluster3_0_Novosphingobium_BASZ01000013-large_hypothetical_GID21913,MPTDTIVREQGRTRKFRPSDFAPGKGAKHLDNRVPSKERRRTRPERSPSPGERHDRSRRDRRGNPMPGHPDYQPRNPRKAAKLPARFNPPRLPARGFGVKKSPVPDFAPLFKPLRIPKPGVLGLLDLIPDKGLPLQRPLKPEDFVLPVGWYIANTCPYFPVRWNGNYRFTGAGSGTSPCLSGQALPSADDNMHEANFPNIRNAARYIYLPYVVGNGHRGQQYIHFQSDSSGVQAGPLGAPPPWTWMPGLNPIGDPVNPNRQRATATQPVADPNVGLALGLQTGLATEAVPEPVLDPGMGSNGTRGMQVSARGRRPIRVRMRVPPKRREREGKMDNRLARLRVLFWRALDSVSEFSEVIDSFYDALPKEVKKKWDCGRKSFGIDNAGQYGIENADCKAAALWYNWHKVDFESAIENVIKNHIEDSLYGFFHRNTPKQQGAAFDDSMKDAARQVGAVLVVV
Cluster3_0_MKSU01000016_Sphingomonas_sp_67-36-large_hypothetical_GID21844,MSILNAAPLASGGWGLSAANDNTLGLIISEVTEAPVASSALRLLAIPATILGIGYIAYEMYQFYNSGLNYDGWTVKYNCRSGSPEFWVSAAGACGASSQWATTGVKPRSFHYLSERPINHDIALMEKAPPDPVYHPNQTYWRETQILTPTSLPVQPLYKASPMPGQPVPWEAPVIRPWEVAEPVPAPEPNPNAKPGTVPSPAPPPGDAPDTEPDAPPKNWPSGSWEASQSFDPSTGQTDNVIRPAAKPKPAERGTKERKVRSRGVSIFKMMDLLSETADVVDAVYDALPDKVKRRWKCGKTRMKGLSIDRAGQYGLGEADCKARAIWHNFDSLDLPKALVNVVKNEIEDRLIGAGHAAQDRLRPRKVYHRLKHTRRF
Cluster3_0_CM009578_Sphingopyxis_lindanitolerans-large_hypothetical_GID21851,MSNTKAKWYRYQPSVGKPMFHEPRVPRNVKRLPKVPNPSYPVPRDYPPGFGDDPTPWHQRPGADPRFKPSVPKEGPARPLRDFGRRAARKGLRVGLSEVFAGADVINTGIDWWFPNFREPVRLPWNYHWCAGPWLGHVAPGGWQWPAPAFLDANDGFCGMTGPIDNQAPGHPPYPGSFGIGLRWSRQMLWRCGIGGFHGMSGLGTAERLGGPGTPYYVRSWPSWPYSGTSSRNPNEQRWLPTMPDPFPERAPLPDFQIGVGKGLPDPTGFGNPDLAYQPDYQWVYDAAGGILTDLGQGLEPGSPPGGSGHALPPVEPVKRQPPEKGEKQRKVITKTAKIGIALYKALDAVSESAEVVDAIYQALPADVRKRWEKAMFPDARWIKDKRSGKWVRVGVDRPGDNFGQYGIGGADWKLRALYYNWHKVDVVQAVKNIIKNELTDKIIGGIESKLPRNSGNAHSDSERALSHYLDEFFTEELGL
Cluster3_0_Amyovirinae_MG214764-large_hypothetical_GID21869,MYLDTTGEYLPLLEEPEIKPFRGARPRAKPRRLRRGFGKRTGPPAFPELAPARGIATKGMRVIPVIGGIMTAAEILDALTMENPEPLGMPAPWYKAGDCGTRPCDPPYVRFGGQNSCAFGPYQGVFGGHIFNCAASQGTPWEPWGTPVVVPANANRTIFLRSLASSGSGLIRARNDAAWWIGGTHPTLTSVPYNVPYIAAPSPLIGQPINPNALRNMPSAPPEPAIAPSTPEPVPDYWQWSNTPPGEPPPRQHQRRRPRKNEKEKKSLSRAARVGIFLWNLMDTVSELSEIGGAIYDALPEEIREKANCPEGINIGQYGSDFNACMADTLWKHWDKLDPAEMFMNIAKNVAEDMTIGAFHKFLDKMYPPGFSWRKTFGTHALAQTDMEAYIAKRLKELFTFLGLEKTEDQESGT
Cluster3_0_Amyovirinae_JX904102_1-large_hypothetical_GID21884,TPKKIYFLFGLTLGRIEMPQAYPTNGPVRRGSQPPSLPVPANDNIPGQPRRSLRNPSPAANDNFPLTPPGRRGRRLGRVGRRALGVLGLAVTAYDIWQHWPGNVPGQEGAWDMSGYDLTCGVGGSGGPDWLTVDTCPINLVHQYAQPGRVKTSEPAYVYTFWEIDPLDPVNPNGVPWYRSVATYTRNFSNTNIISQTVAPPILFPLEVPVLDPWNQPLTGPARVVVSPAVRPSPRRNPNPEPDPGPVERPVTNPRPISDPVPFNPSDPLPEPPLRPDGPGGTPGVPQPGNSTFERNNSSPDYRFMSDPQPIPLSGRAPTGPREKERKVRTKTEAAVAMVMDAFGSATEVGDAITAIYWAMSEDCRRADLAQGHSHFRRLGACGSSLQELPQSWLHQCLYSYH
